filename	resolution	fps	duration_s	codec	orientation	size_mb	audio	quality	sha256
20260720_IMG_7276.mp4	1920x1072	29.9429	17.5	h264	landscape	14.08	True	usable	5e0acacbec1619fdc174f2d0cf18d861c7acb6b1c4f6f91c24588aeba9ecb288
A001_09120927_C067.mp4	1072x1920	24.0	17.0	h264	vertical	13.71	True	usable	1c95fbc7e4bb54ccd4d0238c7121fd2f5ccdacb43bb8c4482565940aa317ac2d
A001_09121022_C081.mp4	1072x1920	24.0	15.583	h264	vertical	12.43	True	usable	6a485a184f48fd8b3f95bb84ef47cbfaffc751d2500a907b29990276796438d9
A001_09121233_C098.mp4	1072x1920	24.0	17.042	h264	vertical	13.77	True	usable	79263222dd75c31533897e54a3f214ab86d207ef0acf75cca691785e29f33943
A001_09130851_C186.mp4	1280x720	19.979	15.867	h264	landscape	5.89	True	usable	ffbeb9560231b2941071c3c650e0613028f3d15b70ef020cd0950e53ca646e9c
A001_09130902_C200.mp4	1072x1920	30.0	15.633	h264	vertical	12.56	True	usable	5c17fe75832e6dd0a98bd2650eebf84b7e4d7db9add3bfc5a04f03a2ded9f0ac
A001_09131545_C300.mp4	1280x720	20.0388	17.2	h264	landscape	6.31	True	usable	2ded36b951242a5a21e5b7e0685027679656e1bc21b6a4e309a56347f56189df
DJI_20260912091037_0058_D-compressed-compressed.mp4	1920x1080	59.9401	126.56	h264	landscape	93.14	False	preferred	a6f1bb1bdd378756e321bbd25e143c90e220aecad57c5fc549e17a6b4ae7e919
video_20260912_092254.mp4	3840x2160	59.6934	9.917	hevc	landscape	86.2	True	preferred	ef1d4df1eeb02ab10f999fc52016917479d04f48a1aca47304f9df4acd5ef668
